{
    "discoveryList": [
        {
            "id": 1,
            "img": "http://ci.xiaohongshu.com/24a0d600-e2c1-4421-a912-907fb433e56c@r_240w_240h.jpg",
            "desc": "从英国到南非转机迪拜 坐了十几个小时终于到达了南非首都开普敦👀 虽然说是南半球 此刻应该是秋季 但这里的太阳真的很晒 防晒是千万要准备好的 不过有的时候晚上早上会有点凉 春秋来的也得带外套～ 开普角上也有灯塔 因为这里的山比好望角的更高 所以个人觉得这里看景比好望角更加美 到了开普角公园这里坐车上去只要三五分钟 步行的话20分钟 怕晒的话建议坐车 也很实惠65兰特 好望角也是看海啦 总的来说一天都是看海看山 个人觉得这里的海浪相比罗卡角来说汹涌得多 怪不得之前又名风暴角 现在寓意是美好希望的海角 英文是Cape of Good Hope 在非洲大陆的最南端 还是很有意义的💙 开普敦很多餐厅味道还是不错的 基本都没踩雷随便找着吃 市中心高楼大厦也不少逛街的地方也很多 不过感觉并没有什么可逛可买的…感觉还是自然景观更值得一去啦 有人说南非这个地方不是特别安全 大部分人确实都很友善 但今天有朋友碰到劫匪还支枪…所以真的还是要奉劝各位安全问题 一定要人多出行注意自己的财产和人身安全 关于穿搭🌹墨镜配的是prada 感觉这个不挑脸型 带着感觉酷酷的 鞋子也是prada的松糕鞋 裙子是英国lipsy家的 它家的衣服小裙子都很平价 一般一百磅都不到就可以买到 买来随便旅游穿穿还是挺舒服的 另外配了条choker 感觉国内好看的choker更多哈哈 然后还有定草帽也是英国买的 感觉tb上有很多差不多的～出来旅游舒适第一 这样简单穿就感觉很舒服 我知道会很累所以特地没有穿精致一点的裙子 毕竟南非风也还是挺大的～ #南非[地区]##开普敦[地区]##最爱旅行地[话题]##每日穿搭[话题]##豪华精选[品牌]##带着小红书去旅行[话题]##假装在旅行[话题]##非洲[地区]##170cm女生穿搭[话题]##我的小众旅行攻略[话题]#",
            "comment": 23,
            "like": 23,
            "collect": 20,
            "uname": "Y***i",
            "avator": "http://img.xiaohongshu.com/avatar/58f34bab02f37d35212dd9d7.jpg@120w_120h_92q_1e_1c_1x.jpg?wm=160&hm=160&q=92",
            "price": "",
            "adress": "Boulders Beach",
            "time": "04-04",
            "imgs": [
                "http://ci.xiaohongshu.com/24a0d600-e2c1-4421-a912-907fb433e56c@r_1280w_1280h.jpg",
                "http://ci.xiaohongshu.com/e9fa96f3-4d9d-465b-812e-e6a1e9a9a13e@r_1280w_1280h.jpg",
                "http://ci.xiaohongshu.com/0e3d1791-aa0d-40c7-87ef-c944bf2093dc@r_1280w_1280h.jpg",
                "http://ci.xiaohongshu.com/df3b49fe-2a65-4ddd-b328-15a6d1053a2d@r_1280w_1280h.jpg",
                "http://ci.xiaohongshu.com/f3090b88-5991-49ec-bed3-343a0b9e7d15@r_1280w_1280h.jpg",
                "http://ci.xiaohongshu.com/f3090b88-5991-49ec-bed3-343a0b9e7d15@r_1280w_1280h.jpg",
                "http://ci.xiaohongshu.com/0a404216-7932-458d-a31e-063073257241@r_1280w_1280h.jpg",
                "http://ci.xiaohongshu.com/8fa93957-cfe4-4d71-9c62-17fa0dcb73f3@r_1280w_1280h.jpg"
            ],
            "comments": [
                {
                    "id": 1,
                    "cname": "C***衣",
                    "cavator": "http://img.xiaohongshu.com/avatar/530b3c2eb4c4d6117bf5b3f5.jpg@120w_120h_92q_1e_1c_1x.jpg?wm=80&hm=80&q=92",
                    "ctext": "你一定是hrd的妹子",
                    "ctime": "2017-04-05 11:04"
                },
                {
                    "id": 2,
                    "cname": "W**n",
                    "cavator": "http://img.xiaohongshu.com/avatar/58ee77475e87e71031e8a547.jpg@120w_120h_92q_1e_1c_1x.jpg?wm=80&hm=80&q=92",
                    "ctext": "我就在南非，我也去过了，但没有你拍的好看，风景",
                    "ctime": "2017-04-14 06:16"
                },
                {
                    "id": 3,
                    "cname": "小***巴",
                    "cavator": "http://img.xiaohongshu.com/avatar/58169ec1e9521a0b6bccbaf4.jpg@120w_120h_92q_1e_1c_1x.jpg?wm=80&hm=80&q=92",
                    "ctext": "中国8月的话南非是冬天了吗",
                    "ctime": "2017-04-15 16:23"
                },
                {
                    "id": 4,
                    "cname": "0**0",
                    "cavator": "http://img.xiaohongshu.com/avatar/55a4a8ccb4c4d63783567192.jpg@120w_120h_92q_1e_1c_1x.jpg?wm=80&hm=80&q=92",
                    "ctext": "是的哈哈 我去的时候是秋天啦",
                    "ctime": "2017-04-19 12:54"
                }
            ]
        },
        {
            "id": 2,
            "img": "https://o4.xiaohongshu.com/discovery/w240/f53999a6c917c852a2d1b8c824486a33_240_240_92.jpg",
            "desc": "👀炒鸡好用的睫毛膏推荐👀 🍃 这个也是丝芙兰的赠品……很精致，一个睫毛打底（精华），一个睫毛膏 ，不过打底精华不知道被我丢哪去了…… 🍃 因为我平时也不怎么样，不…是不用睫毛膏，所以这个赠品是去年圣诞送的😂😂😂拖到现在 🍃 什么乱七八糟的介绍也不说了，涂完效果我就震惊了…很浓密…很长！ 我给室友看，室友说，你睫毛能涂这么长，那是效果蛮好的[好冷][好冷] 🍃 所以现在每天都在涂睫毛膏😂😂 用完就去买新的[嘿嘿][嘿嘿]而且一天下来也不会花妆，也灰常好卸 🍃 一个睫毛膏这样算是好用了的，对吧 对吧？？？ 🍃 💐Weibo：_寒静酱_ 🍃ins ：liuhanjing 🌻🌻🌻🌻🌻🌻🌻感谢关注🌻🌻🌻🌻🌻🌻🌻",
            "comment": 14,
            "like": 202,
            "collect": 180,
            "uname": "_***_",
            "avator": "http://img.xiaohongshu.com/avatar/59a19d38b46c5d74002f31cf.jpg@120w_120h_92q_1e_1c_1x.jpg?wm=160&hm=160&q=92",
            "price": "",
            "adress": "",
            "time": "01-04",
            "imgs": [
                "http://o4.xiaohongshu.com/discovery/w640/f53999a6c917c852a2d1b8c824486a33_640_640_92.jpg",
                "http://o4.xiaohongshu.com/discovery/w640/df6b2f7dcf731dd80a8b8bc62d59d19e_640_640_92.jpg",
                "http://o4.xiaohongshu.com/discovery/w640/c0f9dfa192a28e27ba16e7a116a59d21_640_640_92.jpg",
                "http://o4.xiaohongshu.com/discovery/w640/80ef601f74c5b78021d46620646803a8_640_640_92.jpg",
                "http://o4.xiaohongshu.com/discovery/w640/0e8ca48d1171ddc38a4ee91c725abfbd_640_640_92.jpg"
            ],
            "comments": [
                {
                    "id": 1,
                    "cname": "天*牙",
                    "cavator": "http://img.xiaohongshu.com/avatar/57441c9902f37d7f161640d6.jpg@120w_120h_92q_1e_1c_1x.jpg?wm=80&hm=80&q=92",
                    "ctext": "沙发！赠品狂魔啊简直",
                    "ctime": "2016-01-04 01:56"
                },
                {
                    "id": 2,
                    "cname": "_***_",
                    "cavator": "http://img.xiaohongshu.com/avatar/59a19d38b46c5d74002f31cf.jpg@120w_120h_92q_1e_1c_1x.jpg?wm=80&hm=80&q=92",
                    "ctext": "@天才牙",
                    "ctime": "2016-01-04 02:05"
                },
                {
                    "id": 3,
                    "cname": "大*周",
                    "cavator": "http://img.xiaohongshu.com/avatar/56dea6b3d8601e21a025fb89.jpg@120w_120h_92q_1e_1c_1x.jpg?wm=80&hm=80&q=92",
                    "ctext": "这个赠品好有爱 哈哈哈",
                    "ctime": "2016-01-04 02:12"
                },
                {
                    "id": 4,
                    "cname": "I**N",
                    "cavator": "http://img.xiaohongshu.com/avatar/5742858fd8601e6bb0b54c28.jpg@120w_120h_92q_1e_1c_1x.jpg?wm=80&hm=80&q=92",
                    "ctext": "這個防水抗暈嗎",
                    "ctime": "2016-01-04 02:48"
                }
            ]
        },
        {
            "id": 3,
            "img": "http://ci.xiaohongshu.com/ba998166-c869-4030-a010-d0101ac3fd61@r_240w_240h.jpg",
            "desc": "不知道员工们有没有玩过一款叫做《我的世界》的像素风格游戏。。据说在中小学生中特别火爆。每年还会有很多",
            "comment": 3,
            "like": 22,
            "collect": 9,
            "uname": "黑**评",
            "avator": "http://img.xiaohongshu.com/avatar/58ef44be02f37d3a86a247bc.jpg@120w_120h_92q_1e_1c_1x.jpg?wm=160&hm=160&q=92",
            "price": "",
            "adress": "",
            "time": "04-19",
            "imgs": [
                "http://ci.xiaohongshu.com/ba998166-c869-4030-a010-d0101ac3fd61@r_1280w_1280h.jpg"
            ],
            "comments": [
                {
                    "id": 1,
                    "cname": "杰*",
                    "cavator": "http://img.xiaohongshu.com/avatar/5962e5c2805d89286a86c1f2.jpg@120w_120h_92q_1e_1c_1x.jpg?wm=80&hm=80&q=92",
                    "ctext": "封面图100分[活力]",
                    "ctime": "2017-04-20 11:10"
                },
                {
                    "id": 2,
                    "cname": "A***斗",
                    "cavator": "http://img.xiaohongshu.com/avatar/591568b0d1d3b9692e415ef3.jpg@120w_120h_92q_1e_1c_1x.jpg?wm=80&hm=80&q=92",
                    "ctext": "打破次元壁哎",
                    "ctime": "2017-04-20 11:53"
                },
                {
                    "id": 3,
                    "cname": "黑**评",
                    "cavator": "http://img.xiaohongshu.com/avatar/58ef44be02f37d3a86a247bc.jpg@120w_120h_92q_1e_1c_1x.jpg?wm=80&hm=80&q=92",
                    "ctext": "[吧唧R]哈哈哈，你喜欢就好。 @杰米",
                    "ctime": "2017-04-21 17:38"
                }
            ]
        },
        {
            "id": 4,
            "img": "http://ci.xiaohongshu.com/32516b09-e1e8-4343-a093-9c6e7c6fd570@r_240w_240h.jpg",
            "desc": "#最美旅行照大赛[话题]# 大家好我是一个胜似金牛座的狮子座 下定决心要码一篇澳洲游的总(sheng)结(qian)笔记 8日澳洲 三个城市 悉尼-黄金海岸-布里斯班 推荐几个去Woolworth必买的! 1、乳制品! 羊背上的国家(牛也不少)所以牛奶啥的比纯净水还便宜(貌似澳洲的淡水资源比较少)最夸张的是1L的桶装牛奶只要2澳元-4澳元，一个又爱省钱又爱喝奶的人看到这样的物价简直要哭出来了！简直想随手拎一桶吨吨吨地吹! 还有一款Ski酸奶我觉得要甩优诺32条街的!八罐装的，我大概一天可以喝掉一板 2、烤鸡吧! 一整只Woolworth自制烤鸡只要7刀!!我一看到烤(jia)鸡(ge)双目就再也无法离开了，总以为标签漏了十位数还是咋的。。。而且关键是口感不输国内的很多人均100以上西餐厅里的烤鸡! 3、水果 水果都超新鲜的!特别需要一提的是西瓜!!只要一点几刀每KG 4、Tim Tam 这个大家都说好吃，我觉得他的包装设计如果换成每一根独立包装就完美了，因为我其实吃一根就觉得腻了。。。 5、Smith's薯片 👗part 7 购物 强烈推荐一家化妆品购物的好去处 Princeline sister club我来给个翻译就是'尼玛！贼便宜的姐妹们的俱乐部' 在悉尼天空之眼底下的那个购物商场的三楼有个分店，逛了好多药妆店之后发现这里几乎是最低价了，而且常见的产品都可以覆盖到 就举两个例子： Lucas木瓜膏(正常size)4刀20RMB Black Mores面霜7刀35RMB 有关退税:单张收银条满300澳元可以在机场退10%的税 👻part 8景点门票： 🏃🏂在悉尼的时候走了一条徒步线路: 环形港☞悉尼歌剧院☞皇家植物园☞NSW Art Museum☞天空之眼☞QVB购物中心☞情人港 (因为市中心的景点密集，走走就到了) 🗽🗿景点千万别现场买，在蚂蜂窝上有很多套票大概会便宜50%左右",
            "comment": 54,
            "like": 365,
            "collect": 240,
            "uname": "陈**",
            "avator": "http://img.xiaohongshu.com/avatar/5969a5c9b46c5d38c9deb605.jpg@120w_120h_92q_1e_1c_1x.jpg?wm=160&hm=160&q=92",
            "price": "",
            "adress": "",
            "time": "03-24",
            "imgs": [
                "http://ci.xiaohongshu.com/32516b09-e1e8-4343-a093-9c6e7c6fd570@r_1280w_1280h.jpg",
                "http://ci.xiaohongshu.com/723cc974-dc6e-4d67-9789-31b5504d73fd@r_1280w_1280h.jpg",
                "http://ci.xiaohongshu.com/bef8399a-fc46-470a-9229-a2c830df8a55@r_1280w_1280h.jpg",
                "http://ci.xiaohongshu.com/1775e05d-1699-48d3-b7a1-3dcb1a8a3c75@r_1280w_1280h.jpg",
                "http://ci.xiaohongshu.com/07047a80-2a18-4b30-9d69-4dbc46af7de6@r_1280w_1280h.jpg",
                "http://ci.xiaohongshu.com/2a731840-b7ff-4982-874c-03b363b6de3e@r_1280w_1280h.jpg",
                "http://ci.xiaohongshu.com/5d949515-3ab1-45b1-b98e-2a68bab72746@r_1280w_1280h.jpg",
                "http://ci.xiaohongshu.com/afbbb076-7366-4559-86e8-0e2f35b58e0a@r_1280w_1280h.jpg",
                "http://ci.xiaohongshu.com/af0e1255-5931-4745-a946-8a577a01929f@r_1280w_1280h.jpg"
            ],
            "comments": [
                {
                    "id": 1,
                    "cname": "k**i",
                    "cavator": "http://img.xiaohongshu.com/avatar/59428e4db46c5d7c4548a13b.jpg@120w_120h_92q_1e_1c_1x.jpg?wm=80&hm=80&q=92",
                    "ctext": "美哭[喜欢][喜欢][喜欢]",
                    "ctime": "2017-03-24 23:05"
                },
                {
                    "id": 2,
                    "cname": "陈**",
                    "cavator": "http://img.xiaohongshu.com/avatar/5969a5c9b46c5d38c9deb605.jpg@120w_120h_92q_1e_1c_1x.jpg?wm=80&hm=80&q=92",
                    "ctext": "[飞吻R][飞吻R]谢谢kiwi小仙女 @Kiwi",
                    "ctime": "2017-03-24 23:07"
                },
                {
                    "id": 3,
                    "cname": "E**_",
                    "cavator": "http://img.xiaohongshu.com/avatar/5815d9a102f37d54d85a03fd.jpg@120w_120h_92q_1e_1c_1x.jpg?wm=80&hm=80&q=92",
                    "ctext": "哈哈哈哈快帮自己",
                    "ctime": "2017-03-24 23:25"
                },
                {
                    "id": 4,
                    "cname": "陈**",
                    "cavator": "http://img.xiaohongshu.com/avatar/5969a5c9b46c5d38c9deb605.jpg@120w_120h_92q_1e_1c_1x.jpg?wm=80&hm=80&q=92",
                    "ctext": "必须的[得意R][得意R]",
                    "ctime": "2017-03-24 23:28"
                }
            ]
        },
        {
            "id": 5,
            "img": "http://ci.xiaohongshu.com/24a0d600-e2c1-4421-a912-907fb433e56c@r_240w_240h.jpg",
            "desc": "从英国到南非转机迪拜 坐了十几个小时终于到达了南非首都开普敦👀 虽然说是南半球 此刻应该是秋季 但这里的太阳真的很晒 防晒是千万要准备好的 不过有的时候晚上早上会有点凉 春秋来的也得带外套～ 开普角上也有灯塔 因为这里的山比好望角的更高 所以个人觉得这里看景比好望角更加美 到了开普角公园这里坐车上去只要三五分钟 步行的话20分钟 怕晒的话建议坐车 也很实惠65兰特 好望角也是看海啦 总的来说一天都是看海看山 个人觉得这里的海浪相比罗卡角来说汹涌得多 怪不得之前又名风暴角 现在寓意是美好希望的海角 英文是Cape of Good Hope 在非洲大陆的最南端 还是很有意义的💙 开普敦很多餐厅味道还是不错的 基本都没踩雷随便找着吃 市中心高楼大厦也不少逛街的地方也很多 不过感觉并没有什么可逛可买的…感觉还是自然景观更值得一去啦 有人说南非这个地方不是特别安全 大部分人确实都很友善 但今天有朋友碰到劫匪还支枪…所以真的还是要奉劝各位安全问题 一定要人多出行注意自己的财产和人身安全 关于穿搭🌹墨镜配的是prada 感觉这个不挑脸型 带着感觉酷酷的 鞋子也是prada的松糕鞋 裙子是英国lipsy家的 它家的衣服小裙子都很平价 一般一百磅都不到就可以买到 买来随便旅游穿穿还是挺舒服的 另外配了条choker 感觉国内好看的choker更多哈哈 然后还有定草帽也是英国买的 感觉tb上有很多差不多的～出来旅游舒适第一 这样简单穿就感觉很舒服 我知道会很累所以特地没有穿精致一点的裙子 毕竟南非风也还是挺大的～ #南非[地区]##开普敦[地区]##最爱旅行地[话题]##每日穿搭[话题]##豪华精选[品牌]##带着小红书去旅行[话题]##假装在旅行[话题]##非洲[地区]##170cm女生穿搭[话题]##我的小众旅行攻略[话题]#",
            "comment": 23,
            "like": 23,
            "collect": 20,
            "uname": "Y***i",
            "avator": "http://img.xiaohongshu.com/avatar/58f34bab02f37d35212dd9d7.jpg@120w_120h_92q_1e_1c_1x.jpg?wm=160&hm=160&q=92",
            "price": "",
            "adress": "Boulders Beach",
            "time": "04-04",
            "imgs": [
                "http://ci.xiaohongshu.com/24a0d600-e2c1-4421-a912-907fb433e56c@r_1280w_1280h.jpg",
                "http://ci.xiaohongshu.com/e9fa96f3-4d9d-465b-812e-e6a1e9a9a13e@r_1280w_1280h.jpg",
                "http://ci.xiaohongshu.com/0e3d1791-aa0d-40c7-87ef-c944bf2093dc@r_1280w_1280h.jpg",
                "http://ci.xiaohongshu.com/df3b49fe-2a65-4ddd-b328-15a6d1053a2d@r_1280w_1280h.jpg",
                "http://ci.xiaohongshu.com/f3090b88-5991-49ec-bed3-343a0b9e7d15@r_1280w_1280h.jpg",
                "http://ci.xiaohongshu.com/f3090b88-5991-49ec-bed3-343a0b9e7d15@r_1280w_1280h.jpg",
                "http://ci.xiaohongshu.com/0a404216-7932-458d-a31e-063073257241@r_1280w_1280h.jpg",
                "http://ci.xiaohongshu.com/8fa93957-cfe4-4d71-9c62-17fa0dcb73f3@r_1280w_1280h.jpg"
            ],
            "comments": [
                {
                    "id": 1,
                    "cname": "C***衣",
                    "cavator": "http://img.xiaohongshu.com/avatar/530b3c2eb4c4d6117bf5b3f5.jpg@120w_120h_92q_1e_1c_1x.jpg?wm=80&hm=80&q=92",
                    "ctext": "你一定是hrd的妹子",
                    "ctime": "2017-04-05 11:04"
                },
                {
                    "id": 2,
                    "cname": "W**n",
                    "cavator": "http://img.xiaohongshu.com/avatar/58ee77475e87e71031e8a547.jpg@120w_120h_92q_1e_1c_1x.jpg?wm=80&hm=80&q=92",
                    "ctext": "我就在南非，我也去过了，但没有你拍的好看，风景",
                    "ctime": "2017-04-14 06:16"
                },
                {
                    "id": 3,
                    "cname": "小***巴",
                    "cavator": "http://img.xiaohongshu.com/avatar/58169ec1e9521a0b6bccbaf4.jpg@120w_120h_92q_1e_1c_1x.jpg?wm=80&hm=80&q=92",
                    "ctext": "中国8月的话南非是冬天了吗",
                    "ctime": "2017-04-15 16:23"
                },
                {
                    "id": 4,
                    "cname": "0**0",
                    "cavator": "http://img.xiaohongshu.com/avatar/55a4a8ccb4c4d63783567192.jpg@120w_120h_92q_1e_1c_1x.jpg?wm=80&hm=80&q=92",
                    "ctext": "是的哈哈 我去的时候是秋天啦",
                    "ctime": "2017-04-19 12:54"
                }
            ]
        },
        {
            "id": 6,
            "img": "https://o4.xiaohongshu.com/discovery/w240/f53999a6c917c852a2d1b8c824486a33_240_240_92.jpg",
            "desc": "👀炒鸡好用的睫毛膏推荐👀 🍃 这个也是丝芙兰的赠品……很精致，一个睫毛打底（精华），一个睫毛膏 ，不过打底精华不知道被我丢哪去了…… 🍃 因为我平时也不怎么样，不…是不用睫毛膏，所以这个赠品是去年圣诞送的😂😂😂拖到现在 🍃 什么乱七八糟的介绍也不说了，涂完效果我就震惊了…很浓密…很长！ 我给室友看，室友说，你睫毛能涂这么长，那是效果蛮好的[好冷][好冷] 🍃 所以现在每天都在涂睫毛膏😂😂 用完就去买新的[嘿嘿][嘿嘿]而且一天下来也不会花妆，也灰常好卸 🍃 一个睫毛膏这样算是好用了的，对吧 对吧？？？ 🍃 💐Weibo：_寒静酱_ 🍃ins ：liuhanjing 🌻🌻🌻🌻🌻🌻🌻感谢关注🌻🌻🌻🌻🌻🌻🌻",
            "comment": 14,
            "like": 202,
            "collect": 180,
            "uname": "_***_",
            "avator": "http://img.xiaohongshu.com/avatar/59a19d38b46c5d74002f31cf.jpg@120w_120h_92q_1e_1c_1x.jpg?wm=160&hm=160&q=92",
            "price": "",
            "adress": "",
            "time": "01-04",
            "imgs": [
                "http://o4.xiaohongshu.com/discovery/w640/f53999a6c917c852a2d1b8c824486a33_640_640_92.jpg",
                "http://o4.xiaohongshu.com/discovery/w640/df6b2f7dcf731dd80a8b8bc62d59d19e_640_640_92.jpg",
                "http://o4.xiaohongshu.com/discovery/w640/c0f9dfa192a28e27ba16e7a116a59d21_640_640_92.jpg",
                "http://o4.xiaohongshu.com/discovery/w640/80ef601f74c5b78021d46620646803a8_640_640_92.jpg",
                "http://o4.xiaohongshu.com/discovery/w640/0e8ca48d1171ddc38a4ee91c725abfbd_640_640_92.jpg"
            ],
            "comments": [
                {
                    "id": 1,
                    "cname": "天*牙",
                    "cavator": "http://img.xiaohongshu.com/avatar/57441c9902f37d7f161640d6.jpg@120w_120h_92q_1e_1c_1x.jpg?wm=80&hm=80&q=92",
                    "ctext": "沙发！赠品狂魔啊简直",
                    "ctime": "2016-01-04 01:56"
                },
                {
                    "id": 2,
                    "cname": "_***_",
                    "cavator": "http://img.xiaohongshu.com/avatar/59a19d38b46c5d74002f31cf.jpg@120w_120h_92q_1e_1c_1x.jpg?wm=80&hm=80&q=92",
                    "ctext": "@天才牙",
                    "ctime": "2016-01-04 02:05"
                },
                {
                    "id": 3,
                    "cname": "大*周",
                    "cavator": "http://img.xiaohongshu.com/avatar/56dea6b3d8601e21a025fb89.jpg@120w_120h_92q_1e_1c_1x.jpg?wm=80&hm=80&q=92",
                    "ctext": "这个赠品好有爱 哈哈哈",
                    "ctime": "2016-01-04 02:12"
                },
                {
                    "id": 4,
                    "cname": "I**N",
                    "cavator": "http://img.xiaohongshu.com/avatar/5742858fd8601e6bb0b54c28.jpg@120w_120h_92q_1e_1c_1x.jpg?wm=80&hm=80&q=92",
                    "ctext": "這個防水抗暈嗎",
                    "ctime": "2016-01-04 02:48"
                }
            ]
        },
        {
            "id": 7,
            "img": "http://ci.xiaohongshu.com/ba998166-c869-4030-a010-d0101ac3fd61@r_240w_240h.jpg",
            "desc": "不知道员工们有没有玩过一款叫做《我的世界》的像素风格游戏。。据说在中小学生中特别火爆。每年还会有很多",
            "comment": 3,
            "like": 22,
            "collect": 9,
            "uname": "黑**评",
            "avator": "http://img.xiaohongshu.com/avatar/58ef44be02f37d3a86a247bc.jpg@120w_120h_92q_1e_1c_1x.jpg?wm=160&hm=160&q=92",
            "price": "",
            "adress": "",
            "time": "04-19",
            "imgs": [
                "http://ci.xiaohongshu.com/ba998166-c869-4030-a010-d0101ac3fd61@r_1280w_1280h.jpg"
            ],
            "comments": [
                {
                    "id": 1,
                    "cname": "杰*",
                    "cavator": "http://img.xiaohongshu.com/avatar/5962e5c2805d89286a86c1f2.jpg@120w_120h_92q_1e_1c_1x.jpg?wm=80&hm=80&q=92",
                    "ctext": "封面图100分[活力]",
                    "ctime": "2017-04-20 11:10"
                },
                {
                    "id": 2,
                    "cname": "A***斗",
                    "cavator": "http://img.xiaohongshu.com/avatar/591568b0d1d3b9692e415ef3.jpg@120w_120h_92q_1e_1c_1x.jpg?wm=80&hm=80&q=92",
                    "ctext": "打破次元壁哎",
                    "ctime": "2017-04-20 11:53"
                },
                {
                    "id": 3,
                    "cname": "黑**评",
                    "cavator": "http://img.xiaohongshu.com/avatar/58ef44be02f37d3a86a247bc.jpg@120w_120h_92q_1e_1c_1x.jpg?wm=80&hm=80&q=92",
                    "ctext": "[吧唧R]哈哈哈，你喜欢就好。 @杰米",
                    "ctime": "2017-04-21 17:38"
                }
            ]
        },
        {
            "id": 8,
            "img": "http://ci.xiaohongshu.com/32516b09-e1e8-4343-a093-9c6e7c6fd570@r_240w_240h.jpg",
            "desc": "#最美旅行照大赛[话题]# 大家好我是一个胜似金牛座的狮子座 下定决心要码一篇澳洲游的总(sheng)结(qian)笔记 8日澳洲 三个城市 悉尼-黄金海岸-布里斯班 推荐几个去Woolworth必买的! 1、乳制品! 羊背上的国家(牛也不少)所以牛奶啥的比纯净水还便宜(貌似澳洲的淡水资源比较少)最夸张的是1L的桶装牛奶只要2澳元-4澳元，一个又爱省钱又爱喝奶的人看到这样的物价简直要哭出来了！简直想随手拎一桶吨吨吨地吹! 还有一款Ski酸奶我觉得要甩优诺32条街的!八罐装的，我大概一天可以喝掉一板 2、烤鸡吧! 一整只Woolworth自制烤鸡只要7刀!!我一看到烤(jia)鸡(ge)双目就再也无法离开了，总以为标签漏了十位数还是咋的。。。而且关键是口感不输国内的很多人均100以上西餐厅里的烤鸡! 3、水果 水果都超新鲜的!特别需要一提的是西瓜!!只要一点几刀每KG 4、Tim Tam 这个大家都说好吃，我觉得他的包装设计如果换成每一根独立包装就完美了，因为我其实吃一根就觉得腻了。。。 5、Smith's薯片 👗part 7 购物 强烈推荐一家化妆品购物的好去处 Princeline sister club我来给个翻译就是'尼玛！贼便宜的姐妹们的俱乐部' 在悉尼天空之眼底下的那个购物商场的三楼有个分店，逛了好多药妆店之后发现这里几乎是最低价了，而且常见的产品都可以覆盖到 就举两个例子： Lucas木瓜膏(正常size)4刀20RMB Black Mores面霜7刀35RMB 有关退税:单张收银条满300澳元可以在机场退10%的税 👻part 8景点门票： 🏃🏂在悉尼的时候走了一条徒步线路: 环形港☞悉尼歌剧院☞皇家植物园☞NSW Art Museum☞天空之眼☞QVB购物中心☞情人港 (因为市中心的景点密集，走走就到了) 🗽🗿景点千万别现场买，在蚂蜂窝上有很多套票大概会便宜50%左右",
            "comment": 54,
            "like": 365,
            "collect": 240,
            "uname": "陈**",
            "avator": "http://img.xiaohongshu.com/avatar/5969a5c9b46c5d38c9deb605.jpg@120w_120h_92q_1e_1c_1x.jpg?wm=160&hm=160&q=92",
            "price": "",
            "adress": "",
            "time": "03-24",
            "imgs": [
                "http://ci.xiaohongshu.com/32516b09-e1e8-4343-a093-9c6e7c6fd570@r_1280w_1280h.jpg",
                "http://ci.xiaohongshu.com/723cc974-dc6e-4d67-9789-31b5504d73fd@r_1280w_1280h.jpg",
                "http://ci.xiaohongshu.com/bef8399a-fc46-470a-9229-a2c830df8a55@r_1280w_1280h.jpg",
                "http://ci.xiaohongshu.com/1775e05d-1699-48d3-b7a1-3dcb1a8a3c75@r_1280w_1280h.jpg",
                "http://ci.xiaohongshu.com/07047a80-2a18-4b30-9d69-4dbc46af7de6@r_1280w_1280h.jpg",
                "http://ci.xiaohongshu.com/2a731840-b7ff-4982-874c-03b363b6de3e@r_1280w_1280h.jpg",
                "http://ci.xiaohongshu.com/5d949515-3ab1-45b1-b98e-2a68bab72746@r_1280w_1280h.jpg",
                "http://ci.xiaohongshu.com/afbbb076-7366-4559-86e8-0e2f35b58e0a@r_1280w_1280h.jpg",
                "http://ci.xiaohongshu.com/af0e1255-5931-4745-a946-8a577a01929f@r_1280w_1280h.jpg"
            ],
            "comments": [
                {
                    "id": 1,
                    "cname": "k**i",
                    "cavator": "http://img.xiaohongshu.com/avatar/59428e4db46c5d7c4548a13b.jpg@120w_120h_92q_1e_1c_1x.jpg?wm=80&hm=80&q=92",
                    "ctext": "美哭[喜欢][喜欢][喜欢]",
                    "ctime": "2017-03-24 23:05"
                },
                {
                    "id": 2,
                    "cname": "陈**",
                    "cavator": "http://img.xiaohongshu.com/avatar/5969a5c9b46c5d38c9deb605.jpg@120w_120h_92q_1e_1c_1x.jpg?wm=80&hm=80&q=92",
                    "ctext": "[飞吻R][飞吻R]谢谢kiwi小仙女 @Kiwi",
                    "ctime": "2017-03-24 23:07"
                },
                {
                    "id": 3,
                    "cname": "E**_",
                    "cavator": "http://img.xiaohongshu.com/avatar/5815d9a102f37d54d85a03fd.jpg@120w_120h_92q_1e_1c_1x.jpg?wm=80&hm=80&q=92",
                    "ctext": "哈哈哈哈快帮自己",
                    "ctime": "2017-03-24 23:25"
                },
                {
                    "id": 4,
                    "cname": "陈**",
                    "cavator": "http://img.xiaohongshu.com/avatar/5969a5c9b46c5d38c9deb605.jpg@120w_120h_92q_1e_1c_1x.jpg?wm=80&hm=80&q=92",
                    "ctext": "必须的[得意R][得意R]",
                    "ctime": "2017-03-24 23:28"
                }
            ]
        }
    ],
    "goodsList": [
        {
            "id": 1,
            "img": "http://ci.xiaohongshu.com/25f3b22b-fb4b-492e-8270-9515668b21c4@r_240w_240h.jpg",
            "title": "柔软经典女神必选 LadyDiorOriginals手提包",
            "desc": "DIOR由创始人Christian Dior于1946年在法国巴黎创立，迪奥公司涉及的时尚领域包括手袋、服装、鞋履、彩妆、护肤品、香水、珠宝配件等高档消费品。'Dior'在法国中是上帝和金子的组合，金色后来也成了DIOR品牌常见的代表色。DIOR继承着法国高级女装的传统，做工精细，迎合上流社会成熟女性的审美品位，象征着法国时装文化的精神。",
            "newPrice": 25699,
            "oldPrice": 28000,
            "inventory": 999,
            "brandName": "迪奥 Dior",
            "brandImg": "",
            "color": ["粉","白"],
            "size": [],
            "weight": [],
            "imgs": [
                "http://ci.xiaohongshu.com/25f3b22b-fb4b-492e-8270-9515668b21c4@r_1280w_1280h.jpg",
                "http://ci.xiaohongshu.com/e7ee3061-3d61-493b-a541-b574d3e99120@r_1280w_1280h.jpg",
                "http://ci.xiaohongshu.com/dcf9224f-6bd5-4935-b2c7-a6ffc5220212@r_1280w_1280h.jpg"
            ]
        },
        {
            "id": 2,
            "img": "http://ci.xiaohongshu.com/a972a3e2-0826-45a0-b36b-207be6327535@r_240w_240h.jpg",
            "title": "忠贞不渝的爱情 镂空爱心吊坠成品手链",
            "desc": "Pandora这个名字来源于希腊神话，代表着幸运和希望，所以好多妹子都把Pandora手链当作幸运手链，而且它可以是一条独一无二的幸运手链~600多种不同材质、风格的串饰可以随意组合，各种搭配法会带来很大的乐趣哦~基础的纯银材质，造型精致时尚，简约中带点俏皮女人味，小红薯们搭配什么衣服都可以轻松驾驭哟~",
            "newPrice": 2129,
            "oldPrice": 2241,
            "inventory": 999,
            "brandName": "潘多拉PANDORA",
            "brandImg": "",
            "color": [],
            "size": ["17CM","18CM","19CM","20CM"],
            "weight": [],
            "imgs": [
                "http://ci.xiaohongshu.com/a972a3e2-0826-45a0-b36b-207be6327535@r_1280w_1280h.jpg",
                "http://ci.xiaohongshu.com/4849f06d-2b87-430e-94dd-9610bf17be63@r_1280w_1280h.jpg",
                "http://ci.xiaohongshu.com/1246b990-2c8d-4c02-8bfa-4e35d4a1166e@r_1280w_1280h.jpg"
            ]
        },
        {
            "id": 3,
            "img": "http://ci.xiaohongshu.com/f36609f9-6a23-4365-9b93-55c76c971d17@r_240w_240h.jpg",
            "title": "唇膏手机癖一生推 LUSTRE LIPSTICK水漾润泽口红/唇膏",
            "desc": "MAC的'弹子头'的特点就是颜色全，各型各色都想要，让很多小红薯们开始了漫漫的收集之旅。'MAC的口红总的来说性价比很高，味道也很好闻'，小红薯们用了觉得'妆感和持久度都一级棒'，'颜色饱和度超级棒'，'显色度好，颜色多，价格实在易于满足收集癖'。",
            "newPrice": 132,
            "oldPrice": 148,
            "inventory": 999,
            "brandName": "魅可 M.A.C",
            "brandImg": "",
            "color": ["Flamingo","SeeSheer","LadyBug","Lustering"],
            "size": [],
            "weight": ["3g"],
            "imgs": [
                "http://ci.xiaohongshu.com/f36609f9-6a23-4365-9b93-55c76c971d17@r_1280w_1280h.jpg",
                "http://ci.xiaohongshu.com/e816ebe2-ea7f-437c-b2fc-9f3d50c21fd2@r_1280w_1280h.jpg",
                "http://ci.xiaohongshu.com/9f3be019-3d3f-4954-b1c5-1a244d1384f0@r_1280w_1280h.jpg",
                "http://ci.xiaohongshu.com/e02d33e2-e753-4a8c-8a6f-dedebd1c98c9@r_1280w_1280h.jpg"
            ]
        },
        {
            "id": 4,
            "img": "http://ci.xiaohongshu.com/25f3b22b-fb4b-492e-8270-9515668b21c4@r_240w_240h.jpg",
            "title": "柔软经典女神必选 LadyDiorOriginals手提包",
            "desc": "DIOR由创始人Christian Dior于1946年在法国巴黎创立，迪奥公司涉及的时尚领域包括手袋、服装、鞋履、彩妆、护肤品、香水、珠宝配件等高档消费品。'Dior'在法国中是上帝和金子的组合，金色后来也成了DIOR品牌常见的代表色。DIOR继承着法国高级女装的传统，做工精细，迎合上流社会成熟女性的审美品位，象征着法国时装文化的精神。",
            "newPrice": 25699,
            "oldPrice": 28000,
            "inventory": 999,
            "brandName": "迪奥 Dior",
            "brandImg": "",
            "color": ["粉","白"],
            "size": [],
            "weight": [],
            "imgs": [
                "http://ci.xiaohongshu.com/25f3b22b-fb4b-492e-8270-9515668b21c4@r_1280w_1280h.jpg",
                "http://ci.xiaohongshu.com/e7ee3061-3d61-493b-a541-b574d3e99120@r_1280w_1280h.jpg",
                "http://ci.xiaohongshu.com/dcf9224f-6bd5-4935-b2c7-a6ffc5220212@r_1280w_1280h.jpg"
            ]
        },
        {
            "id": 5,
            "img": "http://ci.xiaohongshu.com/a972a3e2-0826-45a0-b36b-207be6327535@r_240w_240h.jpg",
            "title": "忠贞不渝的爱情 镂空爱心吊坠成品手链",
            "desc": "Pandora这个名字来源于希腊神话，代表着幸运和希望，所以好多妹子都把Pandora手链当作幸运手链，而且它可以是一条独一无二的幸运手链~600多种不同材质、风格的串饰可以随意组合，各种搭配法会带来很大的乐趣哦~基础的纯银材质，造型精致时尚，简约中带点俏皮女人味，小红薯们搭配什么衣服都可以轻松驾驭哟~",
            "newPrice": 2129,
            "oldPrice": 2241,
            "inventory": 999,
            "brandName": "潘多拉PANDORA",
            "brandImg": "",
            "color": [],
            "size": ["17CM","18CM","19CM","20CM"],
            "weight": [],
            "imgs": [
                "http://ci.xiaohongshu.com/a972a3e2-0826-45a0-b36b-207be6327535@r_1280w_1280h.jpg",
                "http://ci.xiaohongshu.com/4849f06d-2b87-430e-94dd-9610bf17be63@r_1280w_1280h.jpg",
                "http://ci.xiaohongshu.com/1246b990-2c8d-4c02-8bfa-4e35d4a1166e@r_1280w_1280h.jpg"
            ]
        },
        {
            "id": 6,
            "img": "http://ci.xiaohongshu.com/f36609f9-6a23-4365-9b93-55c76c971d17@r_240w_240h.jpg",
            "title": "唇膏手机癖一生推 LUSTRE LIPSTICK水漾润泽口红/唇膏",
            "desc": "MAC的'弹子头'的特点就是颜色全，各型各色都想要，让很多小红薯们开始了漫漫的收集之旅。'MAC的口红总的来说性价比很高，味道也很好闻'，小红薯们用了觉得'妆感和持久度都一级棒'，'颜色饱和度超级棒'，'显色度好，颜色多，价格实在易于满足收集癖'。",
            "newPrice": 132,
            "oldPrice": 148,
            "inventory": 999,
            "brandName": "魅可 M.A.C",
            "brandImg": "",
            "color": ["Flamingo","SeeSheer","LadyBug","Lustering"],
            "size": [],
            "weight": ["3g"],
            "imgs": [
                "http://ci.xiaohongshu.com/f36609f9-6a23-4365-9b93-55c76c971d17@r_1280w_1280h.jpg",
                "http://ci.xiaohongshu.com/e816ebe2-ea7f-437c-b2fc-9f3d50c21fd2@r_1280w_1280h.jpg",
                "http://ci.xiaohongshu.com/9f3be019-3d3f-4954-b1c5-1a244d1384f0@r_1280w_1280h.jpg",
                "http://ci.xiaohongshu.com/e02d33e2-e753-4a8c-8a6f-dedebd1c98c9@r_1280w_1280h.jpg"
            ]
        }
    ]
}